Name,Area total,Efficiency,Area single,n sensors
Version_1_FtG,121.87773,0.135016188,2.256995,54
Version_2_FtG,5.61564,0.147610958,1.40391,4
Version_3_FtG,5.978388,0.207184612,0.996398,6
Version_2_Autarco,9.82737,0.146479679,1.40391,7
Version_2_APS,5.61564,0.147240564,1.40391,4
